genotype	fullname	name	label	prob_ref	prob_het	prob_alt	cls_qual
1/1	chr1_93011035-93221780_chr1_93011035-93221780_4512-JFI-0445_BXD095_RwwJ_loupe.png	4512-JFI-0445_BXD095_RwwJ_loupe	1	0.021	0.032	0.947	0.827
1/1	chr1_93011035-93221780_chr1_93011035-93221780_4512-JFI-0437_BXD170_loupe.png	4512-JFI-0437_BXD170_loupe	1	0.051	0.099	0.849	0.827
1/1	chr1_93011035-93221780_chr1_93011035-93221780_4512-JFI-0427_BXD160_loupe.png	4512-JFI-0427_BXD160_loupe	1	0.064	0.145	0.792	0.827
1/1	chr1_93011035-93221780_chr1_93011035-93221780_4512-JFI-0418_BXD137_loupe.png	4512-JFI-0418_BXD137_loupe	1	0.054	0.107	0.839	0.827
1/1	chr1_93011035-93221780_chr1_93011035-93221780_4512-JFI-0346_BXD028_TyJ_loupe.png	4512-JFI-0346_BXD028_TyJ_loupe	1	0.018	0.027	0.955	0.827
1/1	chr1_93011035-93221780_chr1_93011035-93221780_4512-JFI-0480_BXD204_loupe.png	4512-JFI-0480_BXD204_loupe	1	0.05	0.096	0.853	0.827
1/1	chr1_93011035-93221780_chr1_93011035-93221780_4512-JFI-0452_BXD184_loupe.png	4512-JFI-0452_BXD184_loupe	1	0.048	0.091	0.861	0.827
1/1	chr1_93011035-93221780_chr1_93011035-93221780_4512-JFI-0347_BXD024_TyJ_loupe.png	4512-JFI-0347_BXD024_TyJ_loupe	1	0.022	0.035	0.943	0.827
1/1	chr1_93011035-93221780_chr1_93011035-93221780_4512-JFI-0494_BXD147_loupe.png	4512-JFI-0494_BXD147_loupe	1	0.024	0.039	0.937	0.827
1/1	chr1_93011035-93221780_chr1_93011035-93221780_4512-JFI-0441_BXD181_loupe.png	4512-JFI-0441_BXD181_loupe	1	0.009	0.014	0.977	0.827
1/1	chr1_93011035-93221780_chr1_93011035-93221780_4512-JFI-0450_BXD141_loupe.png	4512-JFI-0450_BXD141_loupe	1	0.045	0.082	0.874	0.827
1/1	chr1_93011035-93221780_chr1_93011035-93221780_4512-JFI-0389_BXD5_TyJ_loupe.png	4512-JFI-0389_BXD5_TyJ_loupe	1	0.043	0.078	0.879	0.827
1/1	chr1_93011035-93221780_chr1_93011035-93221780_4512-JFI-0341_BXD149_loupe.png	4512-JFI-0341_BXD149_loupe	1	0.049	0.091	0.86	0.827
1/1	chr1_93011035-93221780_chr1_93011035-93221780_4512-JFI-0404_BXD222_loupe.png	4512-JFI-0404_BXD222_loupe	1	0.056	0.115	0.828	0.827
1/1	chr1_93011035-93221780_chr1_93011035-93221780_4512-JFI-0357_BXD156_loupe.png	4512-JFI-0357_BXD156_loupe	1	0.035	0.059	0.907	0.827
1/1	chr1_93011035-93221780_chr1_93011035-93221780_4512-JFI-0478_BXD39_TyJ_loupe.png	4512-JFI-0478_BXD39_TyJ_loupe	1	0.039	0.069	0.892	0.827
1/1	chr1_93011035-93221780_chr1_93011035-93221780_4512-JFI-0379_BXD77_RwwJ_loupe.png	4512-JFI-0379_BXD77_RwwJ_loupe	1	0.05	0.095	0.855	0.827
1/1	chr1_93011035-93221780_chr1_93011035-93221780_4512-JFI-0471_BXD42_TyJ_loupe.png	4512-JFI-0471_BXD42_TyJ_loupe	1	0.051	0.099	0.85	0.827
1/1	chr1_93011035-93221780_chr1_93011035-93221780_4512-JFI-0444_BXD79_RwwJ_loupe.png	4512-JFI-0444_BXD79_RwwJ_loupe	1	0.046	0.085	0.87	0.827
1/1	chr1_93011035-93221780_chr1_93011035-93221780_4512-JFI-0374_BXD154_RwwJ_loupe.png	4512-JFI-0374_BXD154_RwwJ_loupe	1	0.055	0.111	0.834	0.827
1/1	chr1_93011035-93221780_chr1_93011035-93221780_4512-JFI-0487_BXD81_RwwJ_loupe.png	4512-JFI-0487_BXD81_RwwJ_loupe	1	0.052	0.102	0.845	0.827
1/1	chr1_93011035-93221780_chr1_93011035-93221780_4512-JFI-0334_DBA_2J_loupe.png	4512-JFI-0334_DBA_2J_loupe	1	0.0	0.0	1.0	0.827
1/1	chr1_93011035-93221780_chr1_93011035-93221780_4512-JFI-0345_BXD098_RwwJ_loupe.png	4512-JFI-0345_BXD098_RwwJ_loupe	1	0.056	0.114	0.83	0.827
1/1	chr1_93011035-93221780_chr1_93011035-93221780_4512-JFI-0352_BXD144_loupe.png	4512-JFI-0352_BXD144_loupe	1	0.053	0.105	0.841	0.827
1/1	chr1_93011035-93221780_chr1_93011035-93221780_4512-JFI-0474_BXD006_TyJ_loupe.png	4512-JFI-0474_BXD006_TyJ_loupe	1	0.05	0.095	0.855	0.827
1/1	chr1_93011035-93221780_chr1_93011035-93221780_4512-JFI-0428_BXD176_loupe.png	4512-JFI-0428_BXD176_loupe	1	0.045	0.083	0.871	0.827
1/1	chr1_93011035-93221780_chr1_93011035-93221780_4512-JFI-0416_BXD186_loupe.png	4512-JFI-0416_BXD186_loupe	1	0.056	0.113	0.832	0.827
1/1	chr1_93011035-93221780_chr1_93011035-93221780_4512-JFI-0485_BXD194_loupe.png	4512-JFI-0485_BXD194_loupe	1	0.05	0.097	0.853	0.827
1/1	chr1_93011035-93221780_chr1_93011035-93221780_4512-JFI-0477_BXD18_TyJ_loupe.png	4512-JFI-0477_BXD18_TyJ_loupe	1	0.046	0.086	0.868	0.827
1/1	chr1_93011035-93221780_chr1_93011035-93221780_4512-JFI-0397_BXD049_RwwJ_loupe.png	4512-JFI-0397_BXD049_RwwJ_loupe	1	0.051	0.099	0.85	0.827
1/1	chr1_93011035-93221780_chr1_93011035-93221780_4512-JFI-0417_BXD148_loupe.png	4512-JFI-0417_BXD148_loupe	1	0.056	0.113	0.832	0.827
1/1	chr1_93011035-93221780_chr1_93011035-93221780_4512-JFI-0365_BXD113_RwwJ_loupe.png	4512-JFI-0365_BXD113_RwwJ_loupe	1	0.064	0.147	0.789	0.827
1/1	chr1_93011035-93221780_chr1_93011035-93221780_4512-JFI-0401_BXD127_loupe.png	4512-JFI-0401_BXD127_loupe	1	0.051	0.099	0.85	0.827
1/1	chr1_93011035-93221780_chr1_93011035-93221780_4512-JFI-0407_BXD20_TyJ_loupe.png	4512-JFI-0407_BXD20_TyJ_loupe	1	0.053	0.103	0.845	0.827
1/1	chr1_93011035-93221780_chr1_93011035-93221780_4512-JFI-0387_BXD65a_RwwJ_loupe.png	4512-JFI-0387_BXD65a_RwwJ_loupe	1	0.046	0.086	0.868	0.827
1/1	chr1_93011035-93221780_chr1_93011035-93221780_4512-JFI-0423_BXD75_RwwJ_loupe.png	4512-JFI-0423_BXD75_RwwJ_loupe	1	0.05	0.096	0.854	0.827
1/1	chr1_93011035-93221780_chr1_93011035-93221780_4512-JFI-0375_BXD221_loupe.png	4512-JFI-0375_BXD221_loupe	1	0.049	0.092	0.859	0.827
1/1	chr1_93011035-93221780_chr1_93011035-93221780_4512-JFI-0356_BXD034_TyJ_loupe.png	4512-JFI-0356_BXD034_TyJ_loupe	1	0.031	0.052	0.916	0.827
1/1	chr1_93011035-93221780_chr1_93011035-93221780_4512-JFI-0392_BXD15_TyJ_loupe.png	4512-JFI-0392_BXD15_TyJ_loupe	1	0.041	0.073	0.886	0.827
1/1	chr1_93011035-93221780_chr1_93011035-93221780_4512-JFI-0386_BXD65_RwwJ_loupe.png	4512-JFI-0386_BXD65_RwwJ_loupe	1	0.049	0.094	0.857	0.827
1/1	chr1_93011035-93221780_chr1_93011035-93221780_4512-JFI-0394_BXD162_loupe.png	4512-JFI-0394_BXD162_loupe	1	0.03	0.049	0.922	0.827
1/1	chr1_93011035-93221780_chr1_93011035-93221780_4512-JFI-0388_BXD65b_RwwJ_loupe.png	4512-JFI-0388_BXD65b_RwwJ_loupe	1	0.029	0.047	0.925	0.827
1/1	chr1_93011035-93221780_chr1_93011035-93221780_4512-JFI-0405_BXD210_loupe.png	4512-JFI-0405_BXD210_loupe	1	0.056	0.113	0.831	0.827
1/1	chr1_93011035-93221780_chr1_93011035-93221780_4512-JFI-0484_BXD171_loupe.png	4512-JFI-0484_BXD171_loupe	1	0.035	0.06	0.905	0.827
1/1	chr1_93011035-93221780_chr1_93011035-93221780_4512-JFI-0415_BXD032_TyJ_loupe.png	4512-JFI-0415_BXD032_TyJ_loupe	1	0.059	0.124	0.818	0.827
1/1	chr1_93011035-93221780_chr1_93011035-93221780_4512-JFI-0479_BXD197_loupe.png	4512-JFI-0479_BXD197_loupe	1	0.042	0.074	0.884	0.827
1/1	chr1_93011035-93221780_chr1_93011035-93221780_4512-JFI-0461_BXD61_RwwJ_loupe.png	4512-JFI-0461_BXD61_RwwJ_loupe	1	0.043	0.077	0.88	0.827
1/1	chr1_93011035-93221780_chr1_93011035-93221780_4512-JFI-0380_BXD172_loupe.png	4512-JFI-0380_BXD172_loupe	1	0.053	0.104	0.843	0.827
1/1	chr1_93011035-93221780_chr1_93011035-93221780_4512-JFI-0402_BXD173_loupe.png	4512-JFI-0402_BXD173_loupe	1	0.046	0.086	0.868	0.827
1/1	chr1_93011035-93221780_chr1_93011035-93221780_4512-JFI-0364_BXD031_TyJ_loupe.png	4512-JFI-0364_BXD031_TyJ_loupe	1	0.055	0.111	0.834	0.827
1/1	chr1_93011035-93221780_chr1_93011035-93221780_4512-JFI-0413_BXD89_RwwJ_loupe.png	4512-JFI-0413_BXD89_RwwJ_loupe	1	0.051	0.098	0.852	0.827
1/1	chr1_93011035-93221780_chr1_93011035-93221780_4512-JFI-0348_BXD24_TyJ_Cep290_J_loupe.png	4512-JFI-0348_BXD24_TyJ_Cep290_J_loupe	1	0.053	0.105	0.842	0.827
1/1	chr1_93011035-93221780_chr1_93011035-93221780_4512-JFI-0466_BXD168_loupe.png	4512-JFI-0466_BXD168_loupe	1	0.049	0.092	0.86	0.827
1/1	chr1_93011035-93221780_chr1_93011035-93221780_4512-JFI-0359_BXD211_loupe.png	4512-JFI-0359_BXD211_loupe	1	0.038	0.066	0.896	0.827
1/1	chr1_93011035-93221780_chr1_93011035-93221780_4512-JFI-0472_BXD125_RwwJ_loupe.png	4512-JFI-0472_BXD125_RwwJ_loupe	1	0.031	0.051	0.918	0.827
1/1	chr1_93011035-93221780_chr1_93011035-93221780_4512-JFI-0353_BXD180_loupe.png	4512-JFI-0353_BXD180_loupe	1	0.01	0.015	0.975	0.827
1/1	chr1_93011035-93221780_chr1_93011035-93221780_4512-JFI-0409_BXD195_loupe.png	4512-JFI-0409_BXD195_loupe	1	0.056	0.114	0.83	0.827
1/1	chr1_93011035-93221780_chr1_93011035-93221780_4512-JFI-0463_BXD83_RwwJ_loupe.png	4512-JFI-0463_BXD83_RwwJ_loupe	1	0.012	0.017	0.971	0.827
1/1	chr1_93011035-93221780_chr1_93011035-93221780_4512-JFI-0490_BXD177_loupe.png	4512-JFI-0490_BXD177_loupe	1	0.028	0.045	0.927	0.827
1/1	chr1_93011035-93221780_chr1_93011035-93221780_4512-JFI-0483_BXD064_RwwJ_loupe.png	4512-JFI-0483_BXD064_RwwJ_loupe	1	0.053	0.104	0.843	0.827
1/1	chr1_93011035-93221780_chr1_93011035-93221780_4512-JFI-0410_BXD013_TyJ_loupe.png	4512-JFI-0410_BXD013_TyJ_loupe	1	0.053	0.105	0.842	0.827
1/1	chr1_93011035-93221780_chr1_93011035-93221780_4512-JFI-0460_BXD67_RwwJ_loupe.png	4512-JFI-0460_BXD67_RwwJ_loupe	1	0.048	0.089	0.863	0.827
1/1	chr1_93011035-93221780_chr1_93011035-93221780_4512-JFI-0372_BXD008_TyJ_loupe.png	4512-JFI-0372_BXD008_TyJ_loupe	1	0.045	0.082	0.874	0.827
1/1	chr1_93011035-93221780_chr1_93011035-93221780_4512-JFI-0350_BXD22_TyJ_loupe.png	4512-JFI-0350_BXD22_TyJ_loupe	1	0.031	0.051	0.919	0.827
1/1	chr1_93011035-93221780_chr1_93011035-93221780_4512-JFI-0421_BXD056_RwwJ_loupe.png	4512-JFI-0421_BXD056_RwwJ_loupe	1	0.061	0.131	0.808	0.827
1/1	chr1_93011035-93221780_chr1_93011035-93221780_4512-JFI-0399_BXD63_RwwJ_loupe.png	4512-JFI-0399_BXD63_RwwJ_loupe	1	0.031	0.052	0.917	0.827
1/1	chr1_93011035-93221780_chr1_93011035-93221780_4512-JFI-0377_BXD62_RwwJ_loupe.png	4512-JFI-0377_BXD62_RwwJ_loupe	1	0.057	0.116	0.827	0.827
1/1	chr1_93011035-93221780_chr1_93011035-93221780_4512-JFI-0426_BXD169_loupe.png	4512-JFI-0426_BXD169_loupe	1	0.051	0.1	0.849	0.827
1/1	chr1_93011035-93221780_chr1_93011035-93221780_4512-JFI-0482_BXD087_RwwJ_loupe.png	4512-JFI-0482_BXD087_RwwJ_loupe	1	0.05	0.097	0.853	0.827
1/1	chr1_93011035-93221780_chr1_93011035-93221780_4512-JFI-0411_BXD223_loupe.png	4512-JFI-0411_BXD223_loupe	1	0.057	0.117	0.826	0.827
0/1	chr1_93011035-93221780_chr1_93011035-93221780_4512-JFI-0371_BXD225_loupe.png	4512-JFI-0371_BXD225_loupe	2	0.056	0.903	0.041	0.827
0/1	chr1_93011035-93221780_chr1_93011035-93221780_4512-JFI-0396_BXD219_loupe.png	4512-JFI-0396_BXD219_loupe	2	0.069	0.884	0.047	0.827
0/1	chr1_93011035-93221780_chr1_93011035-93221780_4512-JFI-0443_BXD216_loupe.png	4512-JFI-0443_BXD216_loupe	2	0.031	0.931	0.038	0.827
0/0	chr1_93011035-93221780_chr1_93011035-93221780_4512-JFI-0367_BXD131_loupe.png	4512-JFI-0367_BXD131_loupe	0	0.906	0.059	0.035	0.827
0/0	chr1_93011035-93221780_chr1_93011035-93221780_4512-JFI-0459_BXD114_loupe.png	4512-JFI-0459_BXD114_loupe	0	0.846	0.102	0.052	0.827
0/0	chr1_93011035-93221780_chr1_93011035-93221780_4512-JFI-0398_BXD191_loupe.png	4512-JFI-0398_BXD191_loupe	0	0.884	0.074	0.042	0.827
0/0	chr1_93011035-93221780_chr1_93011035-93221780_4512-JFI-0385_BXD174_loupe.png	4512-JFI-0385_BXD174_loupe	0	0.886	0.073	0.041	0.827
0/0	chr1_93011035-93221780_chr1_93011035-93221780_4512-JFI-0361_BXD001_TyJ_loupe.png	4512-JFI-0361_BXD001_TyJ_loupe	0	0.763	0.17	0.068	0.827
0/0	chr1_93011035-93221780_chr1_93011035-93221780_4512-JFI-0448_BXD175_loupe.png	4512-JFI-0448_BXD175_loupe	0	0.772	0.161	0.067	0.827
0/0	chr1_93011035-93221780_chr1_93011035-93221780_4512-JFI-0333_C57BL_6J_loupe.png	4512-JFI-0333_C57BL_6J_loupe	0	1.0	0.0	0.0	0.827
0/0	chr1_93011035-93221780_chr1_93011035-93221780_4512-JFI-0342_BXD178_loupe.png	4512-JFI-0342_BXD178_loupe	0	0.934	0.04	0.025	0.827
0/0	chr1_93011035-93221780_chr1_93011035-93221780_4512-JFI-0370_BXD205_loupe.png	4512-JFI-0370_BXD205_loupe	0	0.928	0.045	0.028	0.827
0/0	chr1_93011035-93221780_chr1_93011035-93221780_4512-JFI-0468_BXD209_loupe.png	4512-JFI-0468_BXD209_loupe	0	0.784	0.151	0.065	0.827
0/0	chr1_93011035-93221780_chr1_93011035-93221780_4512-JFI-0390_BXD218_loupe.png	4512-JFI-0390_BXD218_loupe	0	0.865	0.088	0.047	0.827
0/0	chr1_93011035-93221780_chr1_93011035-93221780_4512-JFI-0382_BXD048a_RwwJ_loupe.png	4512-JFI-0382_BXD048a_RwwJ_loupe	0	0.921	0.049	0.03	0.827
0/0	chr1_93011035-93221780_chr1_93011035-93221780_4512-JFI-0368_BXD011_TyJ_loupe.png	4512-JFI-0368_BXD011_TyJ_loupe	0	0.818	0.123	0.059	0.827
0/0	chr1_93011035-93221780_chr1_93011035-93221780_4512-JFI-0366_BXD196_loupe.png	4512-JFI-0366_BXD196_loupe	0	0.915	0.053	0.032	0.827
0/0	chr1_93011035-93221780_chr1_93011035-93221780_4512-JFI-0488_BXD226_loupe.png	4512-JFI-0488_BXD226_loupe	0	0.837	0.109	0.054	0.827
0/0	chr1_93011035-93221780_chr1_93011035-93221780_4512-JFI-0451_BXD33_TyJ_loupe.png	4512-JFI-0451_BXD33_TyJ_loupe	0	0.855	0.095	0.05	0.827
0/0	chr1_93011035-93221780_chr1_93011035-93221780_4512-JFI-0470_BXD27_TyJ_loupe.png	4512-JFI-0470_BXD27_TyJ_loupe	0	0.885	0.074	0.041	0.827
0/0	chr1_93011035-93221780_chr1_93011035-93221780_4512-JFI-0481_BXD19_TyJ_loupe.png	4512-JFI-0481_BXD19_TyJ_loupe	0	0.801	0.137	0.062	0.827
0/0	chr1_93011035-93221780_chr1_93011035-93221780_4512-JFI-0403_BXD086_RwwJ_loupe.png	4512-JFI-0403_BXD086_RwwJ_loupe	0	0.981	0.011	0.008	0.827
0/0	chr1_93011035-93221780_chr1_93011035-93221780_4512-JFI-0406_BXD102_RwwJ_loupe.png	4512-JFI-0406_BXD102_RwwJ_loupe	0	0.907	0.058	0.035	0.827
0/0	chr1_93011035-93221780_chr1_93011035-93221780_4512-JFI-0412_BXD190_loupe.png	4512-JFI-0412_BXD190_loupe	0	0.886	0.073	0.041	0.827
0/0	chr1_93011035-93221780_chr1_93011035-93221780_4512-JFI-0440_BXD073b_RwwJ_loupe.png	4512-JFI-0440_BXD073b_RwwJ_loupe	0	0.857	0.093	0.049	0.827
0/0	chr1_93011035-93221780_chr1_93011035-93221780_4512-JFI-0438_BXD073_RwwJ_loupe.png	4512-JFI-0438_BXD073_RwwJ_loupe	0	0.827	0.117	0.057	0.827
0/0	chr1_93011035-93221780_chr1_93011035-93221780_4512-JFI-0355_BXD152_loupe.png	4512-JFI-0355_BXD152_loupe	0	0.947	0.032	0.021	0.827
0/0	chr1_93011035-93221780_chr1_93011035-93221780_4512-JFI-0449_BXD214_loupe.png	4512-JFI-0449_BXD214_loupe	0	0.493	0.471	0.037	0.827
0/0	chr1_93011035-93221780_chr1_93011035-93221780_4512-JFI-0454_BXD124_RwwJ_loupe.png	4512-JFI-0454_BXD124_RwwJ_loupe	0	0.865	0.088	0.047	0.827
0/0	chr1_93011035-93221780_chr1_93011035-93221780_4512-JFI-0429_BXD85_RwwJ_loupe.png	4512-JFI-0429_BXD85_RwwJ_loupe	0	0.92	0.05	0.03	0.827
0/0	chr1_93011035-93221780_chr1_93011035-93221780_4512-JFI-0362_BXD155_loupe.png	4512-JFI-0362_BXD155_loupe	0	0.838	0.108	0.054	0.827
0/0	chr1_93011035-93221780_chr1_93011035-93221780_4512-JFI-0349_BXD55_RwwJ_loupe.png	4512-JFI-0349_BXD55_RwwJ_loupe	0	0.945	0.034	0.022	0.827
0/0	chr1_93011035-93221780_chr1_93011035-93221780_4512-JFI-0453_BXD038_TyJ_loupe.png	4512-JFI-0453_BXD038_TyJ_loupe	0	0.955	0.027	0.018	0.827
0/0	chr1_93011035-93221780_chr1_93011035-93221780_4512-JFI-0363_BXD44_RwwJ_loupe.png	4512-JFI-0363_BXD44_RwwJ_loupe	0	0.887	0.072	0.041	0.827
0/0	chr1_93011035-93221780_chr1_93011035-93221780_4512-JFI-0393_BXD016_TyJ_loupe.png	4512-JFI-0393_BXD016_TyJ_loupe	0	0.929	0.044	0.027	0.827
0/0	chr1_93011035-93221780_chr1_93011035-93221780_4512-JFI-0345_BXD029_Tlr4_J_loupe.png	4512-JFI-0345_BXD029_Tlr4_J_loupe	0	0.88	0.077	0.043	0.827
0/0	chr1_93011035-93221780_chr1_93011035-93221780_4512-JFI-0433_BXD71_RwwJ_loupe.png	4512-JFI-0433_BXD71_RwwJ_loupe	0	0.71	0.219	0.071	0.827
0/0	chr1_93011035-93221780_chr1_93011035-93221780_4512-JFI-0414_BXD91_RwwJ_loupe.png	4512-JFI-0414_BXD91_RwwJ_loupe	0	0.941	0.036	0.023	0.827
0/0	chr1_93011035-93221780_chr1_93011035-93221780_4512-JFI-0381_BXD48_RwwJ_loupe.png	4512-JFI-0381_BXD48_RwwJ_loupe	0	0.956	0.027	0.018	0.827
0/0	chr1_93011035-93221780_chr1_93011035-93221780_4512-JFI-0434_BXD183_loupe.png	4512-JFI-0434_BXD183_loupe	0	0.875	0.08	0.044	0.827
0/0	chr1_93011035-93221780_chr1_93011035-93221780_4512-JFI-0473_BXD217_loupe.png	4512-JFI-0473_BXD217_loupe	0	0.838	0.108	0.054	0.827
0/0	chr1_93011035-93221780_chr1_93011035-93221780_4512-JFI-0476_BXD215_loupe.png	4512-JFI-0476_BXD215_loupe	0	0.76	0.172	0.068	0.827
0/0	chr1_93011035-93221780_chr1_93011035-93221780_4512-JFI-0343_BXD202_loupe.png	4512-JFI-0343_BXD202_loupe	0	0.793	0.144	0.063	0.827
0/0	chr1_93011035-93221780_chr1_93011035-93221780_4512-JFI-0491_BXD213_loupe.png	4512-JFI-0491_BXD213_loupe	0	0.967	0.02	0.013	0.827
0/0	chr1_93011035-93221780_chr1_93011035-93221780_4512-JFI-0391_BXD157_loupe.png	4512-JFI-0391_BXD157_loupe	0	0.928	0.045	0.028	0.827
0/0	chr1_93011035-93221780_chr1_93011035-93221780_4512-JFI-0458_BXD14_TyJ_loupe.png	4512-JFI-0458_BXD14_TyJ_loupe	0	0.811	0.129	0.06	0.827
0/0	chr1_93011035-93221780_chr1_93011035-93221780_4512-JFI-0485_BXD194_redo_loupe.png	4512-JFI-0485_BXD194_redo_loupe	0	0.943	0.035	0.022	0.827
0/0	chr1_93011035-93221780_chr1_93011035-93221780_4512-JFI-0447_BXD53_2RwwJ_loupe.png	4512-JFI-0447_BXD53_2RwwJ_loupe	0	0.969	0.018	0.012	0.827
0/0	chr1_93011035-93221780_chr1_93011035-93221780_4512-JFI-0465_BXD60_RwwJ_loupe.png	4512-JFI-0465_BXD60_RwwJ_loupe	0	0.626	0.312	0.062	0.827
0/0	chr1_93011035-93221780_chr1_93011035-93221780_4512-JFI-0425_BXD187_loupe.png	4512-JFI-0425_BXD187_loupe	0	0.942	0.036	0.023	0.827
0/0	chr1_93011035-93221780_chr1_93011035-93221780_4512-JFI-0424_BXD111_loupe.png	4512-JFI-0424_BXD111_loupe	0	0.97	0.018	0.012	0.827
0/0	chr1_93011035-93221780_chr1_93011035-93221780_4512-JFI-0373_BXD150_loupe.png	4512-JFI-0373_BXD150_loupe	0	0.874	0.081	0.045	0.827
0/0	chr1_93011035-93221780_chr1_93011035-93221780_4512-JFI-0455_BXD88_2_RwwJ_loupe.png	4512-JFI-0455_BXD88_2_RwwJ_loupe	0	0.919	0.05	0.031	0.827
0/0	chr1_93011035-93221780_chr1_93011035-93221780_4512-JFI-0358_BXD40_TyJ_loupe.png	4512-JFI-0358_BXD40_TyJ_loupe	0	0.913	0.054	0.033	0.827
0/0	chr1_93011035-93221780_chr1_93011035-93221780_4512-JFI-0360_BXD227_loupe.png	4512-JFI-0360_BXD227_loupe	0	0.939	0.038	0.024	0.827
0/0	chr1_93011035-93221780_chr1_93011035-93221780_4512-JFI-0436_BXD99_RwwJ_loupe.png	4512-JFI-0436_BXD99_RwwJ_loupe	0	0.844	0.103	0.053	0.827
0/0	chr1_93011035-93221780_chr1_93011035-93221780_4512-JFI-0457_BXD151_loupe.png	4512-JFI-0457_BXD151_loupe	0	0.861	0.091	0.048	0.827
0/0	chr1_93011035-93221780_chr1_93011035-93221780_4512-JFI-0344_BXD29_Ty_loupe.png	4512-JFI-0344_BXD29_Ty_loupe	0	0.902	0.062	0.036	0.827
0/0	chr1_93011035-93221780_chr1_93011035-93221780_4512-JFI-0430_BXD002_RwwJ_loupe.png	4512-JFI-0430_BXD002_RwwJ_loupe	0	0.906	0.059	0.035	0.827
0/0	chr1_93011035-93221780_chr1_93011035-93221780_4512-JFI-0395_BXD090_RwwJ_loupe.png	4512-JFI-0395_BXD090_RwwJ_loupe	0	0.843	0.104	0.053	0.827
0/0	chr1_93011035-93221780_chr1_93011035-93221780_4512-JFI-0435_BXD84_RwwJ_loupe.png	4512-JFI-0435_BXD84_RwwJ_loupe	0	0.887	0.072	0.041	0.827
0/0	chr1_93011035-93221780_chr1_93011035-93221780_4512-JFI-0492_BXD128_loupe.png	4512-JFI-0492_BXD128_loupe	0	0.891	0.069	0.04	0.827
0/0	chr1_93011035-93221780_chr1_93011035-93221780_4512-JFI-0420_BXD78_2_RwwJ_loupe.png	4512-JFI-0420_BXD78_2_RwwJ_loupe	0	0.817	0.125	0.059	0.827
0/0	chr1_93011035-93221780_chr1_93011035-93221780_4512-JFI-0446_BXD74_RwwJ_loupe.png	4512-JFI-0446_BXD74_RwwJ_loupe	0	0.84	0.106	0.054	0.827
0/0	chr1_93011035-93221780_chr1_93011035-93221780_4512-JFI-0475_BXD101_RwwJ_loupe.png	4512-JFI-0475_BXD101_RwwJ_loupe	0	0.918	0.051	0.031	0.827
0/0	chr1_93011035-93221780_chr1_93011035-93221780_4512-JFI-0408_BXD051_RwwJ_loupe.png	4512-JFI-0408_BXD051_RwwJ_loupe	0	0.873	0.082	0.045	0.827
0/0	chr1_93011035-93221780_chr1_93011035-93221780_4512-JFI-0400_BXD69_RwwJ_loupe.png	4512-JFI-0400_BXD69_RwwJ_loupe	0	0.9	0.063	0.037	0.827
0/0	chr1_93011035-93221780_chr1_93011035-93221780_4512-JFI-0383_BXD009_TyJ_loupe.png	4512-JFI-0383_BXD009_TyJ_loupe	0	0.947	0.032	0.021	0.827
0/0	chr1_93011035-93221780_chr1_93011035-93221780_4512-JFI-0419_BXD050_RwwJ_loupe.png	4512-JFI-0419_BXD050_RwwJ_loupe	0	0.885	0.074	0.042	0.827
0/0	chr1_93011035-93221780_chr1_93011035-93221780_4512-JFI-0464_BXD12_TyJ_loupe.png	4512-JFI-0464_BXD12_TyJ_loupe	0	0.864	0.089	0.048	0.827
0/0	chr1_93011035-93221780_chr1_93011035-93221780_4512-JFI-0469_BXD100_RwwJ_loupe.png	4512-JFI-0469_BXD100_RwwJ_loupe	0	0.938	0.038	0.024	0.827
0/0	chr1_93011035-93221780_chr1_93011035-93221780_4512-JFI-0439_BXD73a_RwwJ_loupe.png	4512-JFI-0439_BXD73a_RwwJ_loupe	0	0.915	0.053	0.032	0.827
0/0	chr1_93011035-93221780_chr1_93011035-93221780_4512-JFI-0376_BXD224_loupe.png	4512-JFI-0376_BXD224_loupe	0	0.939	0.037	0.024	0.827
0/0	chr1_93011035-93221780_chr1_93011035-93221780_4512-JFI-0344_BXD029_Ty_loupe.png	4512-JFI-0344_BXD029_Ty_loupe	0	1.0	0.0	0.0	0.827
0/0	chr1_93011035-93221780_chr1_93011035-93221780_4512-JFI-0462_BXD68_RwwJ_loupe.png	4512-JFI-0462_BXD68_RwwJ_loupe	0	0.785	0.151	0.065	0.827
0/0	chr1_93011035-93221780_chr1_93011035-93221780_4512-JFI-0354_BXD199_loupe.png	4512-JFI-0354_BXD199_loupe	0	0.888	0.071	0.041	0.827
0/0	chr1_93011035-93221780_chr1_93011035-93221780_4512-JFI-0467_BXD122_TyJ_loupe.png	4512-JFI-0467_BXD122_TyJ_loupe	0	0.973	0.016	0.011	0.827
0/0	chr1_93011035-93221780_chr1_93011035-93221780_4512-JFI-0369_BXD036_TyJ_loupe.png	4512-JFI-0369_BXD036_TyJ_loupe	0	0.905	0.06	0.035	0.827
0/0	chr1_93011035-93221780_chr1_93011035-93221780_4512-JFI-0431_BXD123_loupe.png	4512-JFI-0431_BXD123_loupe	0	0.9	0.063	0.037	0.827
0/0	chr1_93011035-93221780_chr1_93011035-93221780_4512-JFI-0351_BXD201_loupe.png	4512-JFI-0351_BXD201_loupe	0	0.768	0.165	0.067	0.827
0/0	chr1_93011035-93221780_chr1_93011035-93221780_4512-JFI-0486_BXD045_RwwJ_loupe.png	4512-JFI-0486_BXD045_RwwJ_loupe	0	0.91	0.057	0.034	0.827
0/0	chr1_93011035-93221780_chr1_93011035-93221780_4512-JFI-0489_BXD43_RwwJ_loupe.png	4512-JFI-0489_BXD43_RwwJ_loupe	0	0.866	0.087	0.047	0.827
